{
  "data": [
    {
      "empId": "00001",
      "name": "Bui Viet Dung",
      "refId": "1A",
      "phoneNo": "0988351279",
      "managerId": "",
      "email": "test.minhdd2@gmail.com"
    },
    {
      "empId": "00002",
      "name": "Tran Hong Nam",
      "refId": "2A",
      "phoneNo": "0988351279",
      "managerId": "00001",
      "email": "test.minhdd2@gmail.com"
    },
    {
      "empId": "00003",
      "name": "Nguyen Thi Thu Hien",
      "refId": "2A",
      "phoneNo": "0988351279",
      "managerId": "00001",
      "email": "test.minhdd2@gmail.com"
    },
    {
      "empId": "01091",
      "name": "Đỗ Đức Minh",
      "refId": "1",
      "phoneNo": "0988351279",
      "managerId": "00001",
      "email": "test.minhdd2@gmail.com"
    },
    {
      "empId": "01092",
      "name": "Nguyen Duc Quyet",
      "refId": "2",
      "phoneNo": "0988351279",
      "managerId": "00002",
      "email": "test.minhdd2@gmail.com"
    },
    {
      "empId": "01093",
      "name": "Ngo Xuan Chuong",
      "refId": "3",
      "phoneNo": "0988351279",
      "managerId": "01092",
      "email": "test.minhdd2@gmail.com"
    },
    {
      "empId": "01094",
      "name": "Vu Van Tuan",
      "refId": "4",
      "phoneNo": "0988351279",
      "managerId": "01092",
      "email": "test.minhdd2@gmail.com"
    }
  ]
}




